filippo.io/edwards25519,https://github.com/FiloSottile/edwards25519/blob/v1.1.0/LICENSE,BSD-3-Clause
github.com/beorn7/perks/quantile,https://github.com/beorn7/perks/blob/v1.0.1/LICENSE,MIT
github.com/cespare/xxhash/v2,https://github.com/cespare/xxhash/blob/v2.3.0/LICENSE.txt,MIT
github.com/coreos/go-semver/semver,https://github.com/coreos/go-semver/blob/v0.3.0/LICENSE,Apache-2.0
github.com/coreos/go-systemd/v22/journal,https://github.com/coreos/go-systemd/blob/v22.3.2/LICENSE,Apache-2.0
github.com/dlclark/regexp2,https://github.com/dlclark/regexp2/blob/v1.11.4/LICENSE,MIT
github.com/dop251/goja,https://github.com/dop251/goja/blob/8130cadc5774/LICENSE,MIT
github.com/dop251/goja/ftoa/internal/fast,https://github.com/dop251/goja/blob/8130cadc5774/ftoa/internal/fast/LICENSE_V8,BSD-3-Clause
github.com/dustin/go-humanize,https://github.com/dustin/go-humanize/blob/v1.0.1/LICENSE,MIT
github.com/gabriel-vasile/mimetype,https://github.com/gabriel-vasile/mimetype/blob/v1.4.12/LICENSE,MIT
github.com/gin-contrib/sse,https://github.com/gin-contrib/sse/blob/v1.1.0/LICENSE,MIT
github.com/gin-gonic/gin,https://github.com/gin-gonic/gin/blob/v1.11.0/LICENSE,MIT
github.com/glebarez/go-sqlite,https://github.com/glebarez/go-sqlite/blob/v1.21.2/LICENSE,BSD-3-Clause
github.com/glebarez/sqlite,https://github.com/glebarez/sqlite/blob/v1.11.0/License,MIT
github.com/go-playground/locales,https://github.com/go-playground/locales/blob/v0.14.1/LICENSE,MIT
github.com/go-playground/universal-translator,https://github.com/go-playground/universal-translator/blob/v0.18.1/LICENSE,MIT
github.com/go-playground/validator/v10,https://github.com/go-playground/validator/blob/v10.30.1/LICENSE,MIT
github.com/go-sourcemap/sourcemap,https://github.com/go-sourcemap/sourcemap/blob/v2.1.3/LICENSE,BSD-2-Clause
github.com/go-sql-driver/mysql,https://github.com/go-sql-driver/mysql/blob/v1.8.1/LICENSE,MPL-2.0
github.com/goccy/go-yaml,https://github.com/goccy/go-yaml/blob/v1.19.2/LICENSE,MIT
github.com/gogo/protobuf,https://github.com/gogo/protobuf/blob/v1.3.2/LICENSE,BSD-3-Clause
github.com/golang-jwt/jwt/v5,https://github.com/golang-jwt/jwt/blob/v5.3.1/LICENSE,MIT
github.com/golang/protobuf/proto,https://github.com/golang/protobuf/blob/v1.5.4/LICENSE,BSD-3-Clause
github.com/google/pprof/profile,https://github.com/google/pprof/blob/798e818bf904/LICENSE,Apache-2.0
github.com/google/uuid,https://github.com/google/uuid/blob/v1.6.0/LICENSE,BSD-3-Clause
github.com/gorilla/websocket,https://github.com/gorilla/websocket/blob/v1.5.3/LICENSE,BSD-2-Clause
github.com/jackc/pgpassfile,https://github.com/jackc/pgpassfile/blob/v1.0.0/LICENSE,MIT
github.com/jackc/pgservicefile,https://github.com/jackc/pgservicefile/blob/5a60cdf6a761/LICENSE,MIT
github.com/jackc/pgx/v5,https://github.com/jackc/pgx/blob/v5.9.2/LICENSE,MIT
github.com/jackc/puddle/v2,https://github.com/jackc/puddle/blob/v2.2.2/LICENSE,MIT
github.com/jinzhu/inflection,https://github.com/jinzhu/inflection/blob/v1.0.0/LICENSE,MIT
github.com/jinzhu/now,https://github.com/jinzhu/now/blob/v1.1.5/License,MIT
github.com/leodido/go-urn,https://github.com/leodido/go-urn/blob/v1.4.0/LICENSE,MIT
github.com/mattn/go-isatty,https://github.com/mattn/go-isatty/blob/v0.0.20/LICENSE,MIT
github.com/mattn/go-sqlite3,https://github.com/mattn/go-sqlite3/blob/v1.14.22/LICENSE,MIT
github.com/mozillazg/go-pinyin,https://github.com/mozillazg/go-pinyin/blob/v0.21.0/LICENSE,MIT
github.com/oschwald/geoip2-golang,https://github.com/oschwald/geoip2-golang/blob/v1.11.0/LICENSE,ISC
github.com/oschwald/maxminddb-golang,https://github.com/oschwald/maxminddb-golang/blob/v1.13.0/LICENSE,ISC
github.com/pelletier/go-toml/v2,https://github.com/pelletier/go-toml/blob/v2.2.4/LICENSE,MIT
github.com/prometheus/client_golang/prometheus,https://github.com/prometheus/client_golang/blob/v1.19.1/LICENSE,Apache-2.0
github.com/prometheus/client_model/go,https://github.com/prometheus/client_model/blob/v0.6.2/LICENSE,Apache-2.0
github.com/prometheus/common,https://github.com/prometheus/common/blob/v0.53.0/LICENSE,Apache-2.0
github.com/prometheus/common/internal/bitbucket.org/ww/goautoneg,https://github.com/prometheus/common/blob/v0.53.0/internal/bitbucket.org/ww/goautoneg/README.txt,BSD-3-Clause
github.com/prometheus/procfs,https://github.com/prometheus/procfs/blob/v0.13.0/LICENSE,Apache-2.0
github.com/quic-go/qpack,https://github.com/quic-go/qpack/blob/v0.6.0/LICENSE.md,MIT
github.com/quic-go/quic-go,https://github.com/quic-go/quic-go/blob/v0.59.1/LICENSE,MIT
github.com/redis/go-redis/v9,https://github.com/redis/go-redis/blob/v9.19.0/LICENSE,BSD-2-Clause
github.com/remyoudompheng/bigfft,https://github.com/remyoudompheng/bigfft/blob/24d4a6f8daec/LICENSE,BSD-3-Clause
github.com/robfig/cron/v3,https://github.com/robfig/cron/blob/v3.0.1/LICENSE,MIT
github.com/sirupsen/logrus,https://github.com/sirupsen/logrus/blob/v1.9.3/LICENSE,MIT
github.com/ugorji/go/codec,https://github.com/ugorji/go/blob/codec/v1.3.0/codec/LICENSE,MIT
go.etcd.io/etcd/api/v3,https://github.com/etcd-io/etcd/blob/api/v3.5.21/api/LICENSE,Apache-2.0
go.etcd.io/etcd/client/pkg/v3,https://github.com/etcd-io/etcd/blob/client/pkg/v3.5.21/client/pkg/LICENSE,Apache-2.0
go.etcd.io/etcd/client/v3,https://github.com/etcd-io/etcd/blob/client/v3.5.21/client/v3/LICENSE,Apache-2.0
go.uber.org/atomic,https://github.com/uber-go/atomic/blob/v1.11.0/LICENSE.txt,MIT
go.uber.org/multierr,https://github.com/uber-go/multierr/blob/v1.10.0/LICENSE.txt,MIT
go.uber.org/zap,https://github.com/uber-go/zap/blob/v1.26.0/LICENSE.txt,MIT
golang.org/x/crypto,https://cs.opensource.google/go/x/crypto/+/v0.53.0:LICENSE,BSD-3-Clause
golang.org/x/net,https://cs.opensource.google/go/x/net/+/v0.56.0:LICENSE,BSD-3-Clause
golang.org/x/sync/semaphore,https://cs.opensource.google/go/x/sync/+/v0.21.0:LICENSE,BSD-3-Clause
golang.org/x/sys,https://cs.opensource.google/go/x/sys/+/v0.46.0:LICENSE,BSD-3-Clause
golang.org/x/sys/unix,https://cs.opensource.google/go/x/sys/+/v0.46.0:LICENSE,BSD-3-Clause
golang.org/x/text,https://cs.opensource.google/go/x/text/+/v0.39.0:LICENSE,BSD-3-Clause
google.golang.org/genproto/googleapis/api,https://github.com/googleapis/go-genproto/blob/afd174a4e478/googleapis/api/LICENSE,Apache-2.0
google.golang.org/genproto/googleapis/rpc/status,https://github.com/googleapis/go-genproto/blob/afd174a4e478/googleapis/rpc/LICENSE,Apache-2.0
google.golang.org/grpc,https://github.com/grpc/grpc-go/blob/v1.82.1/LICENSE,Apache-2.0
google.golang.org/protobuf,https://github.com/protocolbuffers/protobuf-go/blob/v1.36.11/LICENSE,BSD-3-Clause
gopkg.in/natefinch/lumberjack.v2,https://github.com/natefinch/lumberjack/blob/v2.2.1/LICENSE,MIT
gopkg.in/yaml.v3,https://github.com/go-yaml/yaml/blob/v3.0.1/LICENSE,MIT
gorm.io/driver/mysql,https://github.com/go-gorm/mysql/blob/v1.6.0/License,MIT
gorm.io/driver/postgres,https://github.com/go-gorm/postgres/blob/v1.6.0/License,MIT
gorm.io/driver/sqlite,https://github.com/go-gorm/sqlite/blob/v1.6.0/License,MIT
gorm.io/gorm,https://github.com/go-gorm/gorm/blob/v1.31.1/LICENSE,MIT
modernc.org/libc,Unknown,BSD-3-Clause
modernc.org/libc/honnef.co/go/netdb,Unknown,MIT
modernc.org/mathutil,Unknown,Unknown
modernc.org/memory,Unknown,BSD-3-Clause
modernc.org/sqlite/lib,Unknown,BSD-3-Clause
